{"objetos": [], "robo": {"angulacao": 4.1608276, "posicao": {"y": 8.496635, "x": 79.85706}}}